{"_wandb":{"runtime":287},"_runtime":287.346626661,"_step":80,"loss":1.1808191537857056,"lr":0.0001,"_timestamp":1.7520585946951928e+09}